{
  "project_info": {
    "project_number": "1015504692950",
    "project_id": "priseintelligent",
    "storage_bucket": "priseintelligent.appspot.com"
  },
  "client": [
    {
      "client_info": {
        "mobilesdk_app_id": "1:1015504692950:android:8b7e0b3c065b465d224b77",
        "android_client_info": {
          "package_name": "com.example.priseintelligent"
        }
      },
      "oauth_client": [
        {
          "client_id": "1015504692950-h4n8md6fiap98vadk81i73metke3uq81.apps.googleusercontent.com",
          "client_type": 1,
          "android_info": {
            "package_name": "com.example.priseintelligent",
            "certificate_hash": "21d48d3273530d2f924824dbc1528feceaa523ef"
          }
        },
        {
          "client_id": "1015504692950-euf5adt14nmcm8h44nv5457qcn7t2s2o.apps.googleusercontent.com",
          "client_type": 3
        }
      ],
      "api_key": [
        {
          "current_key": "AIzaSyDHMwL68_K6aUT_T72jaIKRr5H3tMWBsP0"
        }
      ],
      "services": {
        "appinvite_service": {
          "other_platform_oauth_client": [
            {
              "client_id": "1015504692950-euf5adt14nmcm8h44nv5457qcn7t2s2o.apps.googleusercontent.com",
              "client_type": 3
            }
          ]
        }
      }
    }
  ],
  "configuration_version": "1"
}